REF_AREA,country_name,TIME_PERIOD,period_sort,year,country_name_wb,domestic_credit_private_pct_gdp,gdp_growth_pct,inflation_cpi_pct,unemployment_pct,domestic_credit_private_pct_gdp_change,macro_gdp_slowdown_z,macro_unemployment_z,macro_inflation_z,macro_credit_contraction_z,macro_stress_context_z
AT,Austria,2009-S1,20091,2009,Austria,98.3438510262014,-3.58626472551299,0.506308827696504,5.371,,1.1743265026462117,-0.7388528751898242,-0.6135535044998947,,-0.05935995901450238
AT,Austria,2009-S2,20092,2009,Austria,98.3438510262014,-3.58626472551299,0.506308827696504,5.371,,1.1743265026462117,-0.7388528751898242,-0.6135535044998947,,-0.05935995901450238
AT,Austria,2010-S1,20101,2010,Austria,99.1468795000545,1.80898243043663,1.81353438995061,4.883,0.8030284738530895,-0.1486943699637335,-0.8328521311679393,-0.07241583443474073,-0.494329822694987,-0.38707303956535016
AT,Austria,2010-S2,20102,2010,Austria,99.1468795000545,1.80898243043663,1.81353438995061,4.883,0.8030284738530895,-0.1486943699637335,-0.8328521311679393,-0.07241583443474073,-0.494329822694987,-0.38707303956535016
AT,Austria,2011-S1,20111,2011,Austria,96.672569255418,2.92746800169145,3.2865791487538,4.637,-2.4743102446364986,-0.4229690628017353,-0.8802370020093663,0.537364169641936,0.00694183398973966,-0.1897250152948565
AT,Austria,2011-S2,20112,2011,Austria,96.672569255418,2.92746800169145,3.2865791487538,4.637,-2.4743102446364986,-0.4229690628017353,-0.8802370020093663,0.537364169641936,0.00694183398973966,-0.1897250152948565
AT,Austria,2012-S1,20121,2012,Austria,94.8379795773965,0.628246239479637,2.48567562177014,4.909,-1.8345896780215014,0.14084540097324985,-0.8278439740871382,0.20582301786735394,-0.09090395364071287,-0.14301987722181184
AT,Austria,2012-S2,20122,2012,Austria,94.8379795773965,0.628246239479637,2.48567562177014,4.909,-1.8345896780215014,0.14084540097324985,-0.8278439740871382,0.20582301786735394,-0.09090395364071287,-0.14301987722181184
AT,Austria,2013-S1,20131,2013,Austria,93.3411391388064,-0.250726423318454,2.00015616900597,5.367,-1.4968404385900982,0.35638681098132113,-0.739623360894563,0.004837913975207273,-0.1425629780310305,-0.1302404034922663
AT,Austria,2013-S2,20132,2013,Austria,93.3411391388064,-0.250726423318454,2.00015616900597,5.367,-1.4968404385900982,0.35638681098132113,-0.739623360894563,0.004837913975207273,-0.1425629780310305,-0.1302404034922663
AT,Austria,2014-S1,20141,2014,Austria,88.3599171258328,0.755798850316665,1.60581182954473,5.674,-4.981222012973603,0.10956698839725006,-0.6804885830558718,-0.1584044393119118,0.39037605401321096,-0.08473749498933064
AT,Austria,2014-S2,20142,2014,Austria,88.3599171258328,0.755798850316665,1.60581182954473,5.674,-4.981222012973603,0.10956698839725006,-0.6804885830558718,-0.1584044393119118,0.39037605401321096,-0.08473749498933064
AT,Austria,2015-S1,20151,2015,Austria,86.4399964991008,1.30352331826198,0.896563335260319,5.802,-1.9199206267319937,-0.024745839650250668,-0.6558330405042352,-0.4520041735708409,-0.07785251474449131,-0.3026088921174545
AT,Austria,2015-S2,20152,2015,Austria,86.4399964991008,1.30352331826198,0.896563335260319,5.802,-1.9199206267319937,-0.024745839650250668,-0.6558330405042352,-0.4520041735708409,-0.07785251474449131,-0.3026088921174545
AT,Austria,2016-S1,20161,2016,Austria,83.5897539711459,2.11721964494312,0.891591752655362,6.064,-2.8502425279549044,-0.22428020629701964,-0.6053662268438537,-0.45406220449149076,0.06444098639567002,-0.3048169128091735
AT,Austria,2016-S2,20162,2016,Austria,83.5897539711459,2.11721964494312,0.891591752655362,6.064,-2.8502425279549044,-0.22428020629701964,-0.6053662268438537,-0.45406220449149076,0.06444098639567002,-0.3048169128091735
AT,Austria,2017-S1,20171,2017,Austria,84.7370865911526,2.27224992038207,2.08126911385586,5.561,1.1473326200067078,-0.26229668345988993,-0.7022548042147386,0.038415340286016016,-0.5469914254680398,-0.3682818932141631
AT,Austria,2017-S2,20172,2017,Austria,84.7370865911526,2.27224992038207,2.08126911385586,5.561,1.1473326200067078,-0.26229668345988993,-0.7022548042147386,0.038415340286016016,-0.5469914254680398,-0.3682818932141631
AT,Austria,2018-S1,20181,2018,Austria,84.8629638770058,2.48422114080024,1.99837981429548,4.933,0.1258772858531927,-0.31427620189521943,-0.8232210598587063,0.004102576113861952,-0.39075899069042275,-0.38103841908262165
AT,Austria,2018-S2,20182,2018,Austria,84.8629638770058,2.48422114080024,1.99837981429548,4.933,0.1258772858531927,-0.31427620189521943,-0.8232210598587063,0.004102576113861952,-0.39075899069042275,-0.38103841908262165
AT,Austria,2019-S1,20191,2019,Austria,86.3027943646251,1.75497619649288,1.53089564152643,4.56,1.4398304876193038,-0.13545097764205946,-0.8950688518255852,-0.18941666291353793,-0.5917292152630745,-0.45291642691106426
AT,Austria,2019-S2,20192,2019,Austria,86.3027943646251,1.75497619649288,1.53089564152643,4.56,1.4398304876193038,-0.13545097764205946,-0.8950688518255852,-0.18941666291353793,-0.5917292152630745,-0.45291642691106426
AT,Austria,2020-S1,20201,2020,Austria,93.0516337886918,-6.31825509209936,1.38191063351853,5.201,6.748839424066702,1.8442643524400228,-0.7715985176412169,-0.25109033457048924,-1.403746505362856,-0.14554275128363484
AT,Austria,2020-S2,20202,2020,Austria,93.0516337886918,-6.31825509209936,1.38191063351853,5.201,6.748839424066702,1.8442643524400228,-0.7715985176412169,-0.25109033457048924,-1.403746505362856,-0.14554275128363484
AT,Austria,2021-S1,20211,2021,Austria,93.0624546800894,4.92309171717903,2.7666666666667,6.459,0.010820891397600008,-0.9123353055611493,-0.5292807635009124,0.32214176478835416,-0.3731610203812975,-0.37315883116375126
AT,Austria,2021-S2,20212,2021,Austria,93.0624546800894,4.92309171717903,2.7666666666667,6.459,0.010820891397600008,-0.9123353055611493,-0.5292807635009124,0.32214176478835416,-0.3731610203812975,-0.37315883116375126
AT,Austria,2022-S1,20221,2022,Austria,89.1835529946886,5.33096379400371,8.54686993188457,4.992,-3.8789016854008054,-1.0123535726388209,-0.8118563957138112,2.7149084132996055,0.22177525187997169,0.27811842420673627
AT,Austria,2022-S2,20222,2022,Austria,89.1835529946886,5.33096379400371,8.54686993188457,4.992,-3.8789016854008054,-1.0123535726388209,-0.8118563957138112,2.7149084132996055,0.22177525187997169,0.27811842420673627
AT,Austria,2023-S1,20231,2023,Austria,84.1024713084051,-0.786244288594673,7.81413417002831,5.264,-5.081081686283497,0.48770633962138665,-0.7594633677915831,2.411585915336368,0.4056496733048768,0.6363696401177621
AT,Austria,2023-S2,20232,2023,Austria,84.1024713084051,-0.786244288594673,7.81413417002831,5.264,-5.081081686283497,0.48770633962138665,-0.7594633677915831,2.411585915336368,0.4056496733048768,0.6363696401177621
AT,Austria,2024-S1,20241,2024,Austria,81.7652651021229,-0.659089573171372,2.93791574279375,5.2,-2.337206206282204,0.45652549883816307,-0.7717911390674015,0.39303184583634726,-0.014028341615330918,0.01593446599794448
AT,Austria,2024-S2,20242,2024,Austria,81.7652651021229,-0.659089573171372,2.93791574279375,5.2,-2.337206206282204,0.45652549883816307,-0.7717911390674015,0.39303184583634726,-0.014028341615330918,0.01593446599794448
AT,Austria,2025-S1,20251,2025,Austria,,,,5.582,,,-0.6982097542648608,,,
BE,Belgium,2009-S1,20091,2009,Belgium,58.4658025409586,-1.90644105515335,-0.0531456741254176,7.908,,0.7624006512532407,-0.25017231695933717,-0.845144680778107,,-0.11097211549473447
BE,Belgium,2009-S2,20092,2009,Belgium,58.4658025409586,-1.90644105515335,-0.0531456741254176,7.908,,0.7624006512532407,-0.25017231695933717,-0.845144680778107,,-0.11097211549473447
BE,Belgium,2010-S1,20101,2010,Belgium,56.7854964068071,2.71031150254662,2.18929920422458,8.293,-1.6803061341515004,-0.36971801188839754,-0.17601306787824253,0.08313535884062066,-0.11450174876594438,-0.14427436742299093
BE,Belgium,2010-S2,20102,2010,Belgium,56.7854964068071,2.71031150254662,2.18929920422458,8.293,-1.6803061341515004,-0.36971801188839754,-0.17601306787824253,0.08313535884062066,-0.11450174876594438,-0.14427436742299093
BE,Belgium,2011-S1,20111,2011,Belgium,55.0145295494018,1.93115502411325,3.5320821072274,7.14,-1.7709668574052984,-0.17865349636201475,-0.3981055722691576,0.6389923069569877,-0.10063511646294851,-0.009600469534283278
BE,Belgium,2011-S2,20112,2011,Belgium,55.0145295494018,1.93115502411325,3.5320821072274,7.14,-1.7709668574052984,-0.17865349636201475,-0.3981055722691576,0.6389923069569877,-0.10063511646294851,-0.009600469534283278
BE,Belgium,2012-S1,20121,2012,Belgium,54.4903281452635,0.215803612089744,2.83966343445899,7.542,-0.524201404138303,0.24198445707546673,-0.3206717589429235,0.35235942728364156,-0.2913289195570813,-0.004414198535224123
BE,Belgium,2012-S2,20122,2012,Belgium,54.4903281452635,0.215803612089744,2.83966343445899,7.542,-0.524201404138303,0.24198445707546673,-0.3206717589429235,0.35235942728364156,-0.2913289195570813,-0.004414198535224123
BE,Belgium,2013-S1,20131,2013,Belgium,56.159869726618,0.305494549070232,1.11309594027539,8.425,1.6695415813545011,0.21999047268899186,-0.1505870396218669,-0.3623685722221757,-0.6268637162732632,-0.22995721385707849
BE,Belgium,2013-S2,20132,2013,Belgium,56.159869726618,0.305494549070232,1.11309594027539,8.425,1.6695415813545011,0.21999047268899186,-0.1505870396218669,-0.3623685722221757,-0.6268637162732632,-0.22995721385707849
BE,Belgium,2014-S1,20141,2014,Belgium,57.6106231184791,1.76554038149924,0.340002833356921,8.523,1.4507533918610989,-0.13804152388795565,-0.13171013985577024,-0.6823973527946061,-0.5933998824645461,-0.3863872247507195
BE,Belgium,2014-S2,20142,2014,Belgium,57.6106231184791,1.76554038149924,0.340002833356921,8.523,1.4507533918610989,-0.13804152388795565,-0.13171013985577024,-0.6823973527946061,-0.5933998824645461,-0.3863872247507195
BE,Belgium,2015-S1,20151,2015,Belgium,60.8026221428606,1.47416433731927,0.561429152790157,8.482,3.191999024381502,-0.06659037863254122,-0.13960761832934143,-0.59073595475509,-0.8597248363011174,-0.4141646970045225
BE,Belgium,2015-S2,20152,2015,Belgium,60.8026221428606,1.47416433731927,0.561429152790157,8.482,3.191999024381502,-0.06659037863254122,-0.13960761832934143,-0.59073595475509,-0.8597248363011174,-0.4141646970045225
BE,Belgium,2016-S1,20161,2016,Belgium,63.6160862759358,1.19350273007754,1.97385264653162,7.83,2.8134641330752004,0.0022333756437736686,-0.2651967882017408,-0.0060506635413861655,-0.8018276128595527,-0.2677104222397265
BE,Belgium,2016-S2,20162,2016,Belgium,63.6160862759358,1.19350273007754,1.97385264653162,7.83,2.8134641330752004,0.0022333756437736686,-0.2651967882017408,-0.0060506635413861655,-0.8018276128595527,-0.2677104222397265
BE,Belgium,2017-S1,20171,2017,Belgium,65.3372340367951,1.47446761556785,2.12597086002616,7.09,1.7211477608592958,-0.06666474843275275,-0.4077366435783906,0.05692002644647373,-0.6347569239388596,-0.2630595723758823
BE,Belgium,2017-S2,20172,2017,Belgium,65.3372340367951,1.47446761556785,2.12597086002616,7.09,1.7211477608592958,-0.06666474843275275,-0.4077366435783906,0.05692002644647373,-0.6347569239388596,-0.2630595723758823
BE,Belgium,2018-S1,20181,2018,Belgium,68.168572322727,1.87796847383565,2.05316499865177,5.941,2.8313382859319063,-0.16561110662055759,-0.6290586622645671,0.026781391364025943,-0.8045614792627319,-0.3931124641959577
BE,Belgium,2018-S2,20182,2018,Belgium,68.168572322727,1.87796847383565,2.05316499865177,5.941,2.8313382859319063,-0.16561110662055759,-0.6290586622645671,0.026781391364025943,-0.8045614792627319,-0.3931124641959577
BE,Belgium,2019-S1,20191,2019,Belgium,69.360003620854,2.4428900448156,1.43681956996438,5.364,1.191431298127,-0.3041410030628131,-0.740201225173117,-0.22836029104010808,-0.553736354612609,-0.4566097184721618
BE,Belgium,2019-S2,20192,2019,Belgium,69.360003620854,2.4428900448156,1.43681956996438,5.364,1.191431298127,-0.3041410030628131,-0.740201225173117,-0.22836029104010808,-0.553736354612609,-0.4566097184721618
BE,Belgium,2020-S1,20201,2020,Belgium,76.125350915761,-4.7929839083518,0.740791812220343,5.545,6.765347294907002,1.4702378149785862,-0.7053367470336932,-0.5164871835993485,-1.4062713978061578,-0.2894643783651534
BE,Belgium,2020-S2,20202,2020,Belgium,76.125350915761,-4.7929839083518,0.740791812220343,5.545,6.765347294907002,1.4702378149785862,-0.7053367470336932,-0.5164871835993485,-1.4062713978061578,-0.2894643783651534
BE,Belgium,2021-S1,20211,2021,Belgium,74.7536988644538,6.25445686466593,2.44024851144084,6.248,-1.3716520513072084,-1.2388122635719,-0.5699238844258758,0.18701806074962307,-0.16171064498927037,-0.44585718305935584
BE,Belgium,2021-S2,20212,2021,Belgium,74.7536988644538,6.25445686466593,2.44024851144084,6.248,-1.3716520513072084,-1.2388122635719,-0.5699238844258758,0.18701806074962307,-0.16171064498927037,-0.44585718305935584
BE,Belgium,2022-S1,20221,2022,Belgium,72.6022435766675,3.9562379757933,9.597511728725,5.57,-2.151455287786291,-0.6752437240932393,-0.7005212113790766,3.149830947276783,-0.04243909761069162,0.43290672854844386
BE,Belgium,2022-S2,20222,2022,Belgium,72.6022435766675,3.9562379757933,9.597511728725,5.57,-2.151455287786291,-0.6752437240932393,-0.7005212113790766,3.149830947276783,-0.04243909761069162,0.43290672854844386
BE,Belgium,2023-S1,20231,2023,Belgium,69.2782899991251,1.71412195515242,4.04901077613941,5.547,-3.3239535775423974,-0.12543271296099331,-0.7049515041813239,0.8529795357582487,0.13689548164723786,0.03987270006579233
BE,Belgium,2023-S2,20232,2023,Belgium,69.2782899991251,1.71412195515242,4.04901077613941,5.547,-3.3239535775423974,-0.12543271296099331,-0.7049515041813239,0.8529795357582487,0.13689548164723786,0.03987270006579233
BE,Belgium,2024-S1,20241,2024,Belgium,68.0983723586982,1.07045413019414,3.14349136500041,5.7,-1.1799176404269076,0.03240731601861721,-0.6754804259750705,0.47813170651477693,-0.1910365810736958,-0.08899449612884304
BE,Belgium,2024-S2,20242,2024,Belgium,68.0983723586982,1.07045413019414,3.14349136500041,5.7,-1.1799176404269076,0.03240731601861721,-0.6754804259750705,0.47813170651477693,-0.1910365810736958,-0.08899449612884304
BE,Belgium,2025-S1,20251,2025,Belgium,,,,5.906,,,-0.6358004121810303,,,
DE,Germany,2009-S1,20091,2009,Germany,96.8593447395117,-5.54455451920674,0.312739007368446,7.88,,1.6545377324169888,-0.2555657168925078,-0.6936834565080502,,0.23509618633881024
DE,Germany,2009-S2,20092,2009,Germany,96.8593447395117,-5.54455451920674,0.312739007368446,7.88,,1.6545377324169888,-0.2555657168925078,-0.6936834565080502,,0.23509618633881024
DE,Germany,2010-S1,20101,2010,Germany,86.7703784709742,4.13463778522758,1.1038103778926,7.043,-10.088966268537504,-0.7189908713005568,-0.4167898506090697,-0.3662124135133475,1.1716097453810648,-0.08259584751047733
DE,Germany,2010-S2,20102,2010,Germany,86.7703784709742,4.13463778522758,1.1038103778926,7.043,-10.088966268537504,-0.7189908713005568,-0.4167898506090697,-0.3662124135133475,1.1716097453810648,-0.08259584751047733
DE,Germany,2011-S1,20111,2011,Germany,83.2493965947192,3.75796884489337,2.07517283735874,5.967,-3.520981876254993,-0.6266242278973008,-0.6240505051837659,0.0358917323066585,0.167031122236427,-0.2619379696344953
DE,Germany,2011-S2,20112,2011,Germany,83.2493965947192,3.75796884489337,2.07517283735874,5.967,-3.520981876254993,-0.6266242278973008,-0.6240505051837659,0.0358917323066585,0.167031122236427,-0.2619379696344953
DE,Germany,2012-S1,20121,2012,Germany,82.1912777571376,0.463512036709204,2.00848884782956,5.372,-1.0581188375816026,0.18124147225567488,-0.7386602537636398,0.008287300625988078,-0.2096658083000535,-0.18969932229550757
DE,Germany,2012-S2,20122,2012,Germany,82.1912777571376,0.463512036709204,2.00848884782956,5.372,-1.0581188375816026,0.18124147225567488,-0.7386602537636398,0.008287300625988078,-0.2096658083000535,-0.18969932229550757
DE,Germany,2013-S1,20131,2013,Germany,80.6847771482794,0.396995583779145,1.50472330251876,5.316,-1.5065006088582038,0.1975526166860834,-0.7494470536299808,-0.20025093586513498,-0.1410854470310057,-0.2233077049600095
DE,Germany,2013-S2,20132,2013,Germany,80.6847771482794,0.396995583779145,1.50472330251876,5.316,-1.5065006088582038,0.1975526166860834,-0.7494470536299808,-0.20025093586513498,-0.1410854470310057,-0.2233077049600095
DE,Germany,2014-S1,20141,2014,Germany,77.7920367770492,2.18018602168017,0.906794000434245,4.979,-2.8927403712301896,-0.2397208021191911,-0.8143604742542118,-0.4477690985575519,0.07094106653201547,-0.35772732709973487
DE,Germany,2014-S2,20142,2014,Germany,77.7920367770492,2.18018602168017,0.906794000434245,4.979,-2.8927403712301896,-0.2397208021191911,-0.8143604742542118,-0.4477690985575519,0.07094106653201547,-0.35772732709973487
DE,Germany,2015-S1,20151,2015,Germany,76.5815039050479,1.66300602334775,0.514426137125456,4.612,-1.210532872001309,-0.11289807965398924,-0.8850525376639827,-0.6101932719291615,-0.1863539561852438,-0.4486244613580943
DE,Germany,2015-S2,20152,2015,Germany,76.5815039050479,1.66300602334775,0.514426137125456,4.612,-1.210532872001309,-0.11289807965398924,-0.8850525376639827,-0.6101932719291615,-0.1863539561852438,-0.4486244613580943
DE,Germany,2016-S1,20161,2016,Germany,75.9886830599554,2.22222216259371,0.491747008445174,4.104,-0.5928208450924899,-0.2500288918554059,-0.9829042221657909,-0.6195814993380515,-0.28083351953820945,-0.5333370332243644
DE,Germany,2016-S2,20162,2016,Germany,75.9886830599554,2.22222216259371,0.491747008445174,4.104,-0.5928208450924899,-0.2500288918554059,-0.9829042221657909,-0.6195814993380515,-0.28083351953820945,-0.5333370332243644
DE,Germany,2017-S1,20171,2017,Germany,76.0590859587592,2.797906720551,1.50949485109628,3.781,0.07040289880379191,-0.3911980847026365,-1.0451209428234365,-0.198275710812628,-0.3822741374944618,-0.5042172189582907
DE,Germany,2017-S2,20172,2017,Germany,76.0590859587592,2.797906720551,1.50949485109628,3.781,0.07040289880379191,-0.3911980847026365,-1.0451209428234365,-0.198275710812628,-0.3822741374944618,-0.5042172189582907
DE,Germany,2018-S1,20181,2018,Germany,76.6188414195566,1.13569604599849,1.73216879766941,3.384,0.5597554607974047,0.016408713195940193,-1.1215916490187474,-0.10609784640105893,-0.45712101495316504,-0.41710044929425777
DE,Germany,2018-S2,20182,2018,Germany,76.6188414195566,1.13569604599849,1.73216879766941,3.384,0.5597554607974047,0.016408713195940193,-1.1215916490187474,-0.10609784640105893,-0.45712101495316504,-0.41710044929425777
DE,Germany,2019-S1,20191,2019,Germany,77.9656968065859,0.977734697038784,1.44565976888253,3.163,1.3468553870292936,0.05514394731933976,-1.1641609842055576,-0.22470081192371805,-0.577508597040048,-0.4778066114624959
DE,Germany,2019-S2,20192,2019,Germany,77.9656968065859,0.977734697038784,1.44565976888253,3.163,1.3468553870292936,0.05514394731933976,-1.1641609842055576,-0.22470081192371805,-0.577508597040048,-0.4778066114624959
DE,Germany,2020-S1,20201,2020,Germany,83.809378912227,-4.13191443239947,0.144877925813981,3.881,5.843682105641108,1.308130558415599,-1.0258588002049704,-0.7631710470126052,-1.2653019478907463,-0.4365503091731807
DE,Germany,2020-S2,20202,2020,Germany,83.809378912227,-4.13191443239947,0.144877925813981,3.881,5.843682105641108,1.308130558415599,-1.0258588002049704,-0.7631710470126052,-1.2653019478907463,-0.4365503091731807
DE,Germany,2021-S1,20211,2021,Germany,82.7038241987432,3.90999994204108,3.06666666666673,3.594,-1.105554713483798,-0.663905247468462,-1.0811411495199685,0.44632943806153447,-0.2024104520057419,-0.37528185273315945
DE,Germany,2021-S2,20212,2021,Germany,82.7038241987432,3.90999994204108,3.06666666666673,3.594,-1.105554713483798,-0.663905247468462,-1.0811411495199685,0.44632943806153447,-0.2024104520057419,-0.37528185273315945
DE,Germany,2022-S1,20221,2022,Germany,81.079187544963,1.8092581243061,6.87257438551096,3.137,-1.6246366537802004,-0.14876197553085882,-1.169169141286359,2.021818852380385,-0.12301644164619698,0.14521782347924256
DE,Germany,2022-S2,20222,2022,Germany,81.079187544963,1.8092581243061,6.87257438551096,3.137,-1.6246366537802004,-0.14876197553085882,-1.169169141286359,2.021818852380385,-0.12301644164619698,0.14521782347924256
DE,Germany,2023-S1,20231,2023,Germany,77.253484574492,-0.869647578573321,5.94643667725823,3.071,-3.8257029704709993,0.5081584691154746,-1.1818821554145467,1.6384358953188831,0.21363846460927655,0.2945876684072719
DE,Germany,2023-S2,20232,2023,Germany,77.253484574492,-0.869647578573321,5.94643667725823,3.071,-3.8257029704709993,0.5081584691154746,-1.1818821554145467,1.6384358953188831,0.21363846460927655,0.2945876684072719
DE,Germany,2024-S1,20241,2024,Germany,,-0.495851897260366,2.2564981433876,3.4,,0.41649640541870026,-1.1185097061997928,0.11095295851088943,,-0.19702011409006773
DE,Germany,2024-S2,20242,2024,Germany,,-0.495851897260366,2.2564981433876,3.4,,0.41649640541870026,-1.1185097061997928,0.11095295851088943,,-0.19702011409006773
DE,Germany,2025-S1,20251,2025,Germany,,,,3.711,,,-1.058604442656363,,,
ES,Spain,2009-S1,20091,2009,Spain,173.382324159591,-3.76813306940053,-0.28781308353524,17.857,,1.2189242028210552,1.6662182521518636,-0.9422873460035995,,0.6476183696564398
ES,Spain,2009-S2,20092,2009,Spain,173.382324159591,-3.76813306940053,-0.28781308353524,17.857,,1.2189242028210552,1.6662182521518636,-0.9422873460035995,,0.6476183696564398
ES,Spain,2010-S1,20101,2010,Spain,171.325123358508,0.0941223116369514,1.79986457728768,19.86,-2.057200801083013,0.2718231086982822,2.0520389687997413,-0.0780745751970386,-0.056855398993630527,0.5472330258268386
ES,Spain,2010-S2,20102,2010,Spain,171.325123358508,0.0941223116369514,1.79986457728768,19.86,-2.057200801083013,0.2718231086982822,2.0520389687997413,-0.0780745751970386,-0.056855398993630527,0.5472330258268386
ES,Spain,2011-S1,20111,2011,Spain,167.027107954599,-0.639920636520344,3.1961018883379,21.39,-4.298015403909005,0.4518248980015395,2.346749750862274,0.49991030145799903,0.2858790403686771,0.8960909976726225
ES,Spain,2011-S2,20112,2011,Spain,167.027107954599,-0.639920636520344,3.1961018883379,21.39,-4.298015403909005,0.4518248980015395,2.346749750862274,0.49991030145799903,0.2858790403686771,0.8960909976726225
ES,Spain,2012-S1,20121,2012,Spain,157.434331694924,-2.86511368637748,2.44612782366808,24.789,-9.592776259674991,0.9974860633665213,3.00146997846394,0.1894518544361146,1.09571707479145,1.3210312427645063
ES,Spain,2012-S2,20122,2012,Spain,157.434331694924,-2.86511368637748,2.44612782366808,24.789,-9.592776259674991,0.9974860633665213,3.00146997846394,0.1894518544361146,1.09571707479145,1.3210312427645063
ES,Spain,2013-S1,20131,2013,Spain,145.759575372544,-1.42732224757626,1.40858109183018,26.094,-11.674756322380006,0.6449112824510237,3.252840939634924,-0.24004986069431317,1.4141576404030782,1.2679650004486782
ES,Spain,2013-S2,20132,2013,Spain,145.759575372544,-1.42732224757626,1.40858109183018,26.094,-11.674756322380006,0.6449112824510237,3.252840939634924,-0.24004986069431317,1.4141576404030782,1.2679650004486782
ES,Spain,2014-S1,20141,2014,Spain,129.358996447371,1.52048593647231,-0.151114837527234,24.441,-16.400578925172994,-0.07794934713958383,2.934437722151677,-0.8856998889627417,2.136976100373527,1.0269411466057197
ES,Spain,2014-S2,20142,2014,Spain,129.358996447371,1.52048593647231,-0.151114837527234,24.441,-16.400578925172994,-0.07794934713958383,2.934437722151677,-0.8856998889627417,2.136976100373527,1.0269411466057197
ES,Spain,2015-S1,20151,2015,Spain,118.216890256018,4.06086672473866,-0.500365709903242,22.057,-11.142106191352994,-0.7009007542029957,2.475228242127443,-1.0302753997260767,1.3326883640945557,0.5191851130732316
ES,Spain,2015-S2,20152,2015,Spain,118.216890256018,4.06086672473866,-0.500365709903242,22.057,-11.142106191352994,-0.7009007542029957,2.475228242127443,-1.0302753997260767,1.3326883640945557,0.5191851130732316
ES,Spain,2016-S1,20161,2016,Spain,110.901834158974,2.91515598595787,-0.202598000426452,19.635,-7.315056097044007,-0.4199499140345717,2.008699147908193,-0.9070118030067328,0.7473378996561941,0.3572688326307706
ES,Spain,2016-S2,20162,2016,Spain,110.901834158974,2.91515598595787,-0.202598000426452,19.635,-7.315056097044007,-0.4199499140345717,2.008699147908193,-0.9070118030067328,0.7473378996561941,0.3572688326307706
ES,Spain,2017-S1,20171,2017,Spain,105.15698823272,2.89604207865007,1.95607633363963,17.224,-5.744845926254001,-0.41526280747681843,1.5442888893769726,-0.013409326666159642,0.5071729605809124,0.40569742895372674
ES,Spain,2017-S2,20172,2017,Spain,105.15698823272,2.89604207865007,1.95607633363963,17.224,-5.744845926254001,-0.41526280747681843,1.5442888893769726,-0.013409326666159642,0.5071729605809124,0.40569742895372674
ES,Spain,2018-S1,20181,2018,Spain,98.8298869234399,2.39541124478878,1.6749813686379,15.255,-6.327101309280096,-0.2924982661081796,1.1650173012193736,-0.12977109224071773,0.5962294010447783,0.33474433597881365
ES,Spain,2018-S2,20182,2018,Spain,98.8298869234399,2.39541124478878,1.6749813686379,15.255,-6.327101309280096,-0.2924982661081796,1.1650173012193736,-0.12977109224071773,0.5962294010447783,0.33474433597881365
ES,Spain,2019-S1,20191,2019,Spain,94.4116262931619,1.96117850841711,0.699518994458738,14.104,-4.418260630277999,-0.18601584608471108,0.9433100396808275,-0.5335724342901527,0.30427064679323196,0.1319981015247989
ES,Spain,2019-S2,20192,2019,Spain,94.4116262931619,1.96117850841711,0.699518994458738,14.104,-4.418260630277999,-0.18601584608471108,0.9433100396808275,-0.5335724342901527,0.30427064679323196,0.1319981015247989
ES,Spain,2020-S1,20201,2020,Spain,107.572523897153,-10.9400706350371,-0.322753017299739,15.532,13.160897603991103,2.977624559287384,1.2183734362725247,-0.9567510429320387,-2.3844760858838656,0.21369271668600098
ES,Spain,2020-S2,20202,2020,Spain,107.572523897153,-10.9400706350371,-0.322753017299739,15.532,13.160897603991103,2.977624559287384,1.2183734362725247,-0.9567510429320387,-2.3844760858838656,0.21369271668600098
ES,Spain,2021-S1,20211,2021,Spain,98.4256244971566,6.68314420473001,3.09313511976419,14.914,-9.1468993999964,-1.3439348431932945,1.0993333948904036,0.45728629007924626,1.0275198418147262,0.3100511708977704
ES,Spain,2021-S2,20212,2021,Spain,98.4256244971566,6.68314420473001,3.09313511976419,14.914,-9.1468993999964,-1.3439348431932945,1.0993333948904036,0.45728629007924626,1.0275198418147262,0.3100511708977704
ES,Spain,2022-S1,20221,2022,Spain,88.1124065404768,6.37031712129601,8.39057634118626,13.033,-10.313217956679807,-1.2672234805925149,0.7370124922370547,2.6502092887118325,1.2059092258086617,0.8314768815412585
ES,Spain,2022-S2,20222,2022,Spain,88.1124065404768,6.37031712129601,8.39057634118626,13.033,-10.313217956679807,-1.2672234805925149,0.7370124922370547,2.6502092887118325,1.2059092258086617,0.8314768815412585
ES,Spain,2023-S1,20231,2023,Spain,78.3496832939301,2.46085796805582,3.53236133492432,12.179,-9.762723246546699,-0.3085470917547926,0.5725137942753536,0.6391078957503009,1.121710606426477,0.5061963011743347
ES,Spain,2023-S2,20232,2023,Spain,78.3496832939301,2.46085796805582,3.53236133492432,12.179,-9.762723246546699,-0.3085470917547926,0.5725137942753536,0.6391078957503009,1.121710606426477,0.5061963011743347
ES,Spain,2024-S1,20241,2024,Spain,74.2192017963659,3.45525405630191,2.77417826534772,11.4,-4.130481497564205,-0.552392599173386,0.42246170327750204,0.32525125799754634,0.2602545913880037,0.11389373837241652
ES,Spain,2024-S2,20242,2024,Spain,74.2192017963659,3.45525405630191,2.77417826534772,11.4,-4.130481497564205,-0.552392599173386,0.42246170327750204,0.32525125799754634,0.2602545913880037,0.11389373837241652
ES,Spain,2025-S1,20251,2025,Spain,,,,10.376,,,0.22521736286440816,,,
FI,Finland,2009-S1,20091,2009,Finland,86.308636201062,-8.07603116552393,-9.17360384430342e-07,8.249,,2.2753056684899327,-0.18448841063036742,-0.8231449351470472,,0.42255744090417263
FI,Finland,2009-S2,20092,2009,Finland,86.308636201062,-8.07603116552393,-9.17360384430342e-07,8.249,,2.2753056684899327,-0.18448841063036742,-0.8231449351470472,,0.42255744090417263
FI,Finland,2010-S1,20101,2010,Finland,88.1332149861544,3.1682879121621,1.18413523154646,8.394,1.824578785092399,-0.4820228482694466,-0.15655830383359154,-0.33296122457574556,-0.6505767842961132,-0.4055297902437242
FI,Finland,2010-S2,20102,2010,Finland,88.1332149861544,3.1682879121621,1.18413523154646,8.394,1.824578785092399,-0.4820228482694466,-0.15655830383359154,-0.33296122457574556,-0.6505767842961132,-0.4055297902437242
FI,Finland,2011-S1,20111,2011,Finland,89.5337836128608,2.39039455396828,3.41680754255211,7.781,1.4005686267064021,-0.29126807470543103,-0.27463523808478935,0.5912733737083158,-0.5857240812946802,-0.14008850509414622
FI,Finland,2011-S2,20112,2011,Finland,89.5337836128608,2.39039455396828,3.41680754255211,7.781,1.4005686267064021,-0.29126807470543103,-0.27463523808478935,0.5912733737083158,-0.5857240812946802,-0.14008850509414622
FI,Finland,2012-S1,20121,2012,Finland,92.0754773478126,-1.52284013040689,2.80833622561573,7.689,2.5416937349517923,0.6683341487330766,-0.29235640929377815,0.33939125002901793,-0.7602601065970409,-0.011222779282181128
FI,Finland,2012-S2,20122,2012,Finland,92.0754773478126,-1.52284013040689,2.80833622561573,7.689,2.5416937349517923,0.6683341487330766,-0.29235640929377815,0.33939125002901793,-0.7602601065970409,-0.011222779282181128
FI,Finland,2013-S1,20131,2013,Finland,93.313414939778,-0.979741024949618,1.47828615688809,8.193,1.2379375919654052,0.5351555506732272,-0.19527521049670865,-0.211194827877991,-0.5608495305645251,-0.1080410045664994
FI,Finland,2013-S2,20132,2013,Finland,93.313414939778,-0.979741024949618,1.47828615688809,8.193,1.2379375919654052,0.5351555506732272,-0.19527521049670865,-0.211194827877991,-0.5608495305645251,-0.1080410045664994
FI,Finland,2014-S1,20141,2014,Finland,93.3662043671516,-0.4780684247837,1.04119621178439,8.663,0.05278942737359671,0.41213554768706356,-0.10474314018991746,-0.39213210552307504,-0.3795801425302025,-0.11607996013903285
FI,Finland,2014-S2,20142,2014,Finland,93.3662043671516,-0.4780684247837,1.04119621178439,8.663,0.05278942737359671,0.41213554768706356,-0.10474314018991746,-0.39213210552307504,-0.3795801425302025,-0.11607996013903285
FI,Finland,2015-S1,20151,2015,Finland,94.9850612773084,0.466503766322674,-0.207928839905268,9.376,1.6188569101568078,0.18050784122647148,0.032595936679746286,-0.9092185515116225,-0.6191114540623259,-0.32880655691693267
FI,Finland,2015-S2,20152,2015,Finland,94.9850612773084,0.466503766322674,-0.207928839905268,9.376,1.6188569101568078,0.18050784122647148,0.032595936679746286,-0.9092185515116225,-0.6191114540623259,-0.32880655691693267
FI,Finland,2016-S1,20161,2016,Finland,94.7843702628907,2.57193414898754,0.356684500891695,8.818,-0.20069101441769988,-0.33578515918241886,-0.074886819131295,-0.675491827869739,-0.34081010015494917,-0.3567434765846005
FI,Finland,2016-S2,20162,2016,Finland,94.7843702628907,2.57193414898754,0.356684500891695,8.818,-0.20069101441769988,-0.33578515918241886,-0.074886819131295,-0.675491827869739,-0.34081010015494917,-0.3567434765846005
FI,Finland,2017-S1,20171,2017,Finland,94.0317570514361,3.30337003591039,0.754015047084346,8.64,-0.7526132114546016,-0.5151476457198076,-0.10917343299216463,-0.5110133076963314,-0.256393145474944,-0.3479318829708119
FI,Finland,2017-S2,20172,2017,Finland,94.0317570514361,3.30337003591039,0.754015047084346,8.64,-0.7526132114546016,-0.5151476457198076,-0.10917343299216463,-0.5110133076963314,-0.256393145474944,-0.3479318829708119
FI,Finland,2018-S1,20181,2018,Finland,94.8815247622949,1.19297759742292,1.08382098409305,7.361,0.8497677108587993,0.002362148514203759,-0.3555362370823473,-0.37448720120037154,-0.5014786274962283,-0.3072849793161858
FI,Finland,2018-S2,20182,2018,Finland,94.8815247622949,1.19297759742292,1.08382098409305,7.361,0.8497677108587993,0.002362148514203759,-0.3555362370823473,-0.37448720120037154,-0.5014786274962283,-0.3072849793161858
FI,Finland,2019-S1,20191,2019,Finland,95.9193855390369,1.34973845741737,1.0240939296343,6.695,1.0378607767419936,-0.036078702068931136,-0.483822106921332,-0.3992117476160114,-0.5302476168638062,-0.3623400433675202
FI,Finland,2019-S2,20192,2019,Finland,95.9193855390369,1.34973845741737,1.0240939296343,6.695,1.0378607767419936,-0.036078702068931136,-0.483822106921332,-0.3992117476160114,-0.5302476168638062,-0.3623400433675202
FI,Finland,2020-S1,20201,2020,Finland,101.738251257472,-2.49103605535707,0.290554555653239,7.759,5.818865718435106,0.9057548600479266,-0.27887290946085175,-0.7028669079792252,-1.2615062610252106,-0.33437280460434027
FI,Finland,2020-S2,20202,2020,Finland,101.738251257472,-2.49103605535707,0.290554555653239,7.759,5.818865718435106,0.9057548600479266,-0.27887290946085175,-0.7028669079792252,-1.2615062610252106,-0.33437280460434027
FI,Finland,2021-S1,20211,2021,Finland,100.140293611616,2.67634641498897,2.19457432340007,7.617,-1.597957645855999,-0.36138910341026764,-0.3062251519790738,0.08531904142942993,-0.1270970178849059,-0.17734805796120434
FI,Finland,2021-S2,20212,2021,Finland,100.140293611616,2.67634641498897,2.19457432340007,7.617,-1.597957645855999,-0.36138910341026764,-0.3062251519790738,0.08531904142942993,-0.1270970178849059,-0.17734805796120434
FI,Finland,2022-S1,20221,2022,Finland,96.1977943524903,0.763041912763526,7.12350773301402,6.719,-3.9424992591256967,0.10779084681896353,-0.4791991926929001,2.1256949476238924,0.23150255316938417,0.496447288729835
FI,Finland,2022-S2,20222,2022,Finland,96.1977943524903,0.763041912763526,7.12350773301402,6.719,-3.9424992591256967,0.10779084681896353,-0.4791991926929001,2.1256949476238924,0.23150255316938417,0.496447288729835
FI,Finland,2023-S1,20231,2023,Finland,93.2665806602944,-0.939093459613758,6.25064322154762,7.149,-2.931213692195911,0.5251879670193781,-0.39637197943349556,1.7643649050847838,0.07682559266593257,0.4925016213341497
FI,Finland,2023-S2,20232,2023,Finland,93.2665806602944,-0.939093459613758,6.25064322154762,7.149,-2.931213692195911,0.5251879670193781,-0.39637197943349556,1.7643649050847838,0.07682559266593257,0.4925016213341497
FI,Finland,2024-S1,20241,2024,Finland,92.0344393994847,0.416171964862073,1.56568906231615,8.4,-1.2321412608096978,0.19285019032812525,-0.15540257527648352,-0.1750136163365727,-0.18304893531719613,-0.08015373415053177
FI,Finland,2024-S2,20242,2024,Finland,92.0344393994847,0.416171964862073,1.56568906231615,8.4,-1.2321412608096978,0.19285019032812525,-0.15540257527648352,-0.1750136163365727,-0.18304893531719613,-0.08015373415053177
FI,Finland,2025-S1,20251,2025,Finland,,,,9.461,,,0.04896875790544271,,,
FR,France,2009-S1,20091,2009,France,95.0966407247871,-2.82455153714783,0.0876204781574653,9.122,,0.9875394254243526,-0.016329905571157738,-0.7868732776860149,,0.06144541405572664
FR,France,2009-S2,20092,2009,France,95.0966407247871,-2.82455153714783,0.0876204781574653,9.122,,0.9875394254243526,-0.016329905571157738,-0.7868732776860149,,0.06144541405572664
FR,France,2010-S1,20101,2010,France,95.8471452301569,2.00032476039051,1.53112270420918,9.279,0.7505045053698041,-0.19561527813077473,0.013911658339834179,-0.18932266829267838,-0.4862962384491063,-0.2143306316331813
FR,France,2010-S2,20102,2010,France,95.8471452301569,2.00032476039051,1.53112270420918,9.279,0.7505045053698041,-0.19561527813077473,0.013911658339834179,-0.18932266829267838,-0.4862962384491063,-0.2143306316331813
FR,France,2011-S1,20111,2011,France,96.6491919516285,2.43757653729007,2.11159795175,9.228,0.8020467214715978,-0.30283802635760443,0.004087965604416394,0.05097023298985703,-0.49417966285952414,-0.1854898726557138
FR,France,2011-S2,20112,2011,France,96.6491919516285,2.43757653729007,2.11159795175,9.228,0.8020467214715978,-0.30283802635760443,0.004087965604416394,0.05097023298985703,-0.49417966285952414,-0.1854898726557138
FR,France,2012-S1,20121,2012,France,96.5785492959372,0.183835264973013,1.95419531613509,9.841,-0.07064265569130157,0.24982372546776538,0.12216489985561403,-0.014187990623742746,-0.3607011037488514,-0.00072511726230369
FR,France,2012-S2,20122,2012,France,96.5785492959372,0.183835264973013,1.95419531613509,9.841,-0.07064265569130157,0.24982372546776538,0.12216489985561403,-0.014187990623742746,-0.3607011037488514,-0.00072511726230369
FR,France,2013-S1,20131,2013,France,95.8769626871841,0.781756446231,0.863715497861804,9.913,-0.7015866087530895,0.103201674593309,0.13603364254090985,-0.46560182856609733,-0.2641977063910547,-0.1226410544557333
FR,France,2013-S2,20132,2013,France,95.8769626871841,0.781756446231,0.863715497861804,9.913,-0.7015866087530895,0.103201674593309,0.13603364254090985,-0.46560182856609733,-0.2641977063910547,-0.1226410544557333
FR,France,2014-S1,20141,2014,France,93.9159081503646,0.997832947295251,0.507758822937989,10.273,-1.9610545368195034,0.050215460482009,0.20537735596738801,-0.612953266048904,-0.07156104931274941,-0.1072303747280641
FR,France,2014-S2,20142,2014,France,93.9159081503646,0.997832947295251,0.507758822937989,10.273,-1.9610545368195034,0.050215460482009,0.20537735596738801,-0.612953266048904,-0.07156104931274941,-0.1072303747280641
FR,France,2015-S1,20151,2015,France,94.9454202268228,1.06675474783462,0.0375143805125181,10.354,1.0295120764582038,0.03331447743976038,0.22097969148834554,-0.8076151432970953,-0.5289706762781994,-0.27057291266179717
FR,France,2015-S2,20152,2015,France,94.9454202268228,1.06675474783462,0.0375143805125181,10.354,1.0295120764582038,0.03331447743976038,0.22097969148834554,-0.8076151432970953,-0.5289706762781994,-0.27057291266179717
FR,France,2016-S1,20161,2016,France,97.4904687619857,0.860031075424033,0.183334861123764,10.057,2.5450485351628913,0.08400719374288373,0.1637711279115012,-0.7472514559548096,-0.7607732260528287,-0.31506159008831336
FR,France,2016-S2,20162,2016,France,97.4904687619857,0.860031075424033,0.183334861123764,10.057,2.5450485351628913,0.08400719374288373,0.1637711279115012,-0.7472514559548096,-0.7607732260528287,-0.31506159008831336
FR,France,2017-S1,20171,2017,France,101.617830234188,2.08361485997399,1.03228275064681,9.409,4.12736147220231,-0.2160396511104607,0.038952443743840375,-0.39582191218803126,-1.0027892931955527,-0.39392460318755107
FR,France,2017-S2,20172,2017,France,101.617830234188,2.08361485997399,1.03228275064681,9.409,4.12736147220231,-0.2160396511104607,0.038952443743840375,-0.39582191218803126,-1.0027892931955527,-0.39392460318755107
FR,France,2018-S1,20181,2018,France,104.624051971951,1.64590872395887,1.85081508315492,9.018,3.006221737762999,-0.10870548507900202,-0.03636253389436242,-0.05698315927789388,-0.8313100472796858,-0.25834030638273603
FR,France,2018-S2,20182,2018,France,104.624051971951,1.64590872395887,1.85081508315492,9.018,3.006221737762999,-0.10870548507900202,-0.03636253389436242,-0.05698315927789388,-0.8313100472796858,-0.25834030638273603
FR,France,2019-S1,20191,2019,France,106.913030586051,2.02744646419237,1.10825492288293,8.415,2.288978614099989,-0.20226605411812423,-0.1525132538837138,-0.36437255450965755,-0.7216071206899124,-0.360189745800352
FR,France,2019-S2,20192,2019,France,106.913030586051,2.02744646419237,1.10825492288293,8.415,2.288978614099989,-0.20226605411812423,-0.1525132538837138,-0.36437255450965755,-0.7216071206899124,-0.360189745800352
FR,France,2020-S1,20201,2020,France,125.397439701102,-7.44064589948231,0.476498852725065,8.009,18.484409115051008,2.1194966860979245,-0.2307175529146863,-0.6258936092733425,-3.198711556717055,-0.4839565082017898
FR,France,2020-S2,20202,2020,France,125.397439701102,-7.44064589948231,0.476498852725065,8.009,18.484409115051008,2.1194966860979245,-0.2307175529146863,-0.6258936092733425,-3.198711556717055,-0.4839565082017898
FR,France,2021-S1,20211,2021,France,120.721909947613,6.88233783360239,1.64233141038393,7.871,-4.675529753489002,-1.392781044501878,-0.2572993097281696,-0.14328683340080642,0.3436201711125372,-0.3624367541295792
FR,France,2021-S2,20212,2021,France,120.721909947613,6.88233783360239,1.64233141038393,7.871,-4.675529753489002,-1.392781044501878,-0.2572993097281696,-0.14328683340080642,0.3436201711125372,-0.3624367541295792
FR,France,2022-S1,20221,2022,France,119.290366998126,2.71676264185913,5.22236748369725,7.303,-1.431542949486996,-0.3712999583156624,-0.36670827980105763,1.3387010005284923,-0.15255028277783733,0.11203561990848371
FR,France,2022-S2,20222,2022,France,119.290366998126,2.71676264185913,5.22236748369725,7.303,-1.431542949486996,-0.3712999583156624,-0.36670827980105763,1.3387010005284923,-0.15255028277783733,0.11203561990848371
FR,France,2023-S1,20231,2023,France,112.567354839828,1.43921494437743,4.8783572650844,7.335,-6.723012158298005,-0.05802009908638341,-0.3605443941631485,1.1962949050894134,0.6567842915316935,0.35862867584289376
FR,France,2023-S2,20232,2023,France,112.567354839828,1.43921494437743,4.8783572650844,7.335,-6.723012158298005,-0.05802009908638341,-0.3605443941631485,1.1962949050894134,0.6567842915316935,0.35862867584289376
FR,France,2024-S1,20241,2024,France,107.58266062477,1.19046798275883,1.99904942291462,7.4,-4.984694215057999,0.0029775554616199777,-0.34802400146114537,0.004379766568577472,0.3909071301822288,0.012560112687820216
FR,France,2024-S2,20242,2024,France,107.58266062477,1.19046798275883,1.99904942291462,7.4,-4.984694215057999,0.0029775554616199777,-0.34802400146114537,0.004379766568577472,0.3909071301822288,0.012560112687820216
FR,France,2025-S1,20251,2025,France,,,,7.542,,,-0.3206717589429235,,,
GR,Greece,2009-S1,20091,2009,Greece,89.22442515662,-4.11927606715011,1.21007269197809,9.546,,1.3050313823190727,0.06534157913113879,-0.3222241817036823,,0.34938292658217635
GR,Greece,2009-S2,20092,2009,Greece,89.22442515662,-4.11927606715011,1.21007269197809,9.546,,1.3050313823190727,0.06534157913113879,-0.3222241817036823,,0.34938292658217635
GR,Greece,2010-S1,20101,2010,Greece,112.814277336853,-5.6937412158003,4.71298907760395,12.719,23.589852180232995,1.6911212489462266,0.6765293644150708,1.1278392703007531,-3.979593279120401,-0.12102584886458756
GR,Greece,2010-S2,20102,2010,Greece,112.814277336853,-5.6937412158003,4.71298907760395,12.719,23.589852180232995,1.6911212489462266,0.6765293644150708,1.1278392703007531,-3.979593279120401,-0.12102584886458756
GR,Greece,2011-S1,20111,2011,Greece,119.201382534538,-9.87677875300243,3.3298532335065,17.973,6.387105197685003,2.716884446194089,1.6885623375892842,0.5552778626368149,-1.3484189574609748,0.9030764222398033
GR,Greece,2011-S2,20112,2011,Greece,119.201382534538,-9.87677875300243,3.3298532335065,17.973,6.387105197685003,2.716884446194089,1.6885623375892842,0.5552778626368149,-1.3484189574609748,0.9030764222398033
GR,Greece,2012-S1,20121,2012,Greece,120.147931380692,-8.33113421099992,1.50152696177758,24.731,0.9465488461540019,2.337861959995302,2.9902979357452297,-0.20157408959725295,-0.5162813818626165,1.1525761060701656
GR,Greece,2012-S2,20122,2012,Greece,120.147931380692,-8.33113421099992,1.50152696177758,24.731,0.9465488461540019,2.337861959995302,2.9902979357452297,-0.20157408959725295,-0.5162813818626165,1.1525761060701656
GR,Greece,2013-S1,20131,2013,Greece,119.790203680738,-2.27211699888024,-0.921269454256899,27.686,-0.35772769995399756,0.85207159535976,3.5594942501209053,-1.2045122553368932,-0.3167912097439706,0.7225655950999504
GR,Greece,2013-S2,20132,2013,Greece,119.790203680738,-2.27211699888024,-0.921269454256899,27.686,-0.35772769995399756,0.85207159535976,3.5594942501209053,-1.2045122553368932,-0.3167912097439706,0.7225655950999504
GR,Greece,2014-S1,20141,2014,Greece,117.895057189809,0.792225060962835,-1.31226096405525,26.708,-1.895146490929008,0.10063456406117031,3.3711104953123057,-1.366366674908294,-0.0816417392231312,0.5059341613105126
GR,Greece,2014-S2,20142,2014,Greece,117.895057189809,0.792225060962835,-1.31226096405525,26.708,-1.895146490929008,0.10063456406117031,3.3711104953123057,-1.366366674908294,-0.0816417392231312,0.5059341613105126
GR,Greece,2015-S1,20151,2015,Greece,113.433357315224,-0.228301892172851,-1.73588804765275,24.981,-4.461699874584994,0.35088787424931095,3.038453292291395,-1.5417308810665318,0.31091471499285195,0.5396312501167566
GR,Greece,2015-S2,20152,2015,Greece,113.433357315224,-0.228301892172851,-1.73588804765275,24.981,-4.461699874584994,0.35088787424931095,3.038453292291395,-1.5417308810665318,0.31091471499285195,0.5396312501167566
GR,Greece,2016-S1,20161,2016,Greece,108.627097496027,-0.0317947678412054,-0.825653978391033,23.514,-4.806259819196995,0.30270045677008983,2.7558776600784958,-1.1649313770812646,0.36361544235082716,0.5643155455295371
GR,Greece,2016-S2,20162,2016,Greece,108.627097496027,-0.0317947678412054,-0.825653978391033,23.514,-4.806259819196995,0.30270045677008983,2.7558776600784958,-1.1649313770812646,0.36361544235082716,0.5643155455295371
GR,Greece,2017-S1,20171,2017,Greece,100.647509860794,1.47312472702352,1.12125452031425,21.413,-7.979587635233003,-0.06633544571086017,2.351180043664521,-0.35899125531471254,0.8489785458268063,0.6937079721164386
GR,Greece,2017-S2,20172,2017,Greece,100.647509860794,1.47312472702352,1.12125452031425,21.413,-7.979587635233003,-0.06633544571086017,2.351180043664521,-0.35899125531471254,0.8489785458268063,0.6937079721164386
GR,Greece,2018-S1,20181,2018,Greece,91.2069328032117,2.06467207892409,0.62562141345364,19.179,-9.440577057582303,-0.2113945080818117,1.9208637775679862,-0.5641629964419478,1.0724380814580246,0.5544360886255628
GR,Greece,2018-S2,20182,2018,Greece,91.2069328032117,2.06467207892409,0.62562141345364,19.179,-9.440577057582303,-0.2113945080818117,1.9208637775679862,-0.5641629964419478,1.0724380814580246,0.5544360886255628
GR,Greece,2019-S1,20191,2019,Greece,80.2122396702063,2.27718065334808,0.253007522038059,17.045,-10.994693133005399,-0.26350579630360893,1.5098096540899186,-0.7184098371224873,1.310141415389505,0.4595088590133318
GR,Greece,2019-S2,20192,2019,Greece,80.2122396702063,2.27718065334808,0.253007522038059,17.045,-10.994693133005399,-0.26350579630360893,1.5098096540899186,-0.7184098371224873,1.310141415389505,0.4595088590133318
GR,Greece,2020-S1,20201,2020,Greece,81.2709751259998,-9.19623149726978,-1.24798355581405,15.899,1.0587354557934958,2.5500008543759054,1.2890654996822954,-1.3397584689966135,-0.5334404162201482,0.4914668672103598
GR,Greece,2020-S2,20202,2020,Greece,81.2709751259998,-9.19623149726978,-1.24798355581405,15.899,1.0587354557934958,2.5500008543759054,1.2890654996822954,-1.3397584689966135,-0.5334404162201482,0.4914668672103598
GR,Greece,2021-S1,20211,2021,Greece,56.1973361608804,8.65449786002131,1.22382501019854,14.656,-25.0736389651194,-1.827349589146159,1.0496370669347612,-0.31653128703064937,3.463527777874129,0.5923209921580205
GR,Greece,2021-S2,20212,2021,Greece,56.1973361608804,8.65449786002131,1.22382501019854,14.656,-25.0736389651194,-1.827349589146159,1.0496370669347612,-0.31653128703064937,3.463527777874129,0.5923209921580205
GR,Greece,2022-S1,20221,2022,Greece,52.4567421241532,5.52198580589408,9.64525981280642,12.426,-3.7405940367271953,-1.0591959325073974,0.6200912865429651,3.169596692161194,0.20062098308509368,0.7327782573204639
GR,Greece,2022-S2,20222,2022,Greece,52.4567421241532,5.52198580589408,9.64525981280642,12.426,-3.7405940367271953,-1.0591959325073974,0.6200912865429651,3.169596692161194,0.20062098308509368,0.7327782573204639
GR,Greece,2023-S1,20231,2023,Greece,49.2157408211615,2.13591131996631,3.46480128513405,11.023,-3.241001302991698,-0.2288637731818938,0.34984342560588444,0.6111408111180576,0.12420786292317787,0.21408208161630654
GR,Greece,2023-S2,20232,2023,Greece,49.2157408211615,2.13591131996631,3.46480128513405,11.023,-3.241001302991698,-0.2288637731818938,0.34984342560588444,0.6111408111180576,0.12420786292317787,0.21408208161630654
GR,Greece,2024-S1,20241,2024,Greece,48.5410004453358,2.0865743380603,2.74101875679477,10.02,-0.6747403758257065,-0.21676537342994737,0.15664413514266856,0.3115245839506378,-0.2683038598317511,-0.004225128542098028
GR,Greece,2024-S2,20242,2024,Greece,48.5410004453358,2.0865743380603,2.74101875679477,10.02,-0.6747403758257065,-0.21676537342994737,0.15664413514266856,0.3115245839506378,-0.2683038598317511,-0.004225128542098028
GR,Greece,2025-S1,20251,2025,Greece,,,,8.54,,,-0.12843557561063107,,,
IE,Ireland,2009-S1,20091,2009,Ireland,169.252292209815,-5.09578277913846,-4.44754686876746,12.609,,1.5444900623129276,0.6553410075347582,-2.66424621341619,,-0.154805047856168
IE,Ireland,2009-S2,20092,2009,Ireland,169.252292209815,-5.09578277913846,-4.44754686876746,12.609,,1.5444900623129276,0.6553410075347582,-2.66424621341619,,-0.154805047856168
IE,Ireland,2010-S1,20101,2010,Ireland,133.426753126152,1.68297175486512,-0.918388645376774,14.534,-35.82553908366302,-0.11779407028627704,1.0261372529402324,-1.2033197188303353,5.108039757830524,1.2032658054135361
IE,Ireland,2010-S2,20102,2010,Ireland,133.426753126152,1.68297175486512,-0.918388645376774,14.534,-35.82553908366302,-0.11779407028627704,1.0261372529402324,-1.2033197188303353,5.108039757830524,1.2032658054135361
IE,Ireland,2011-S1,20111,2011,Ireland,114.741522540828,1.60886648916944,2.5489783020855,15.354,-18.685230585323993,-0.09962199948919159,1.1840868224116547,0.2320277264684198,2.486415453764256,0.9507270007887847
IE,Ireland,2011-S2,20112,2011,Ireland,114.741522540828,1.60886648916944,2.5489783020855,15.354,-18.685230585323993,-0.09962199948919159,1.1840868224116547,0.2320277264684198,2.486415453764256,0.9507270007887847
IE,Ireland,2012-S1,20121,2012,Ireland,110.636331079402,-0.40502941658977,1.69474116680366,15.451,-4.105191461426003,0.3942249442314393,1.2027711007515673,-0.12159134771220723,0.2563864595281221,0.4329477891997303
IE,Ireland,2012-S2,20122,2012,Ireland,110.636331079402,-0.40502941658977,1.69474116680366,15.451,-4.105191461426003,0.3942249442314393,1.2027711007515673,-0.12159134771220723,0.2563864595281221,0.4329477891997303
IE,Ireland,2013-S1,20131,2013,Ireland,102.404683746299,2.1929375750029,0.515099484900573,13.735,-8.231647333102998,-0.24284773416076896,0.8722327334186873,-0.6099145336175101,0.8875312842489658,0.2267504374723435
IE,Ireland,2013-S2,20132,2013,Ireland,102.404683746299,2.1929375750029,0.515099484900573,13.735,-8.231647333102998,-0.24284773416076896,0.8722327334186873,-0.6099145336175101,0.8875312842489658,0.2267504374723435
IE,Ireland,2014-S1,20141,2014,Ireland,78.3674079003117,9.38579335130922,0.190916398713745,11.858,-24.037275845987295,-2.006677647908493,0.5106823164700772,-0.7441130109110335,3.3050151851038216,0.26622671068859316
IE,Ireland,2014-S2,20142,2014,Ireland,78.3674079003117,9.38579335130922,0.190916398713745,11.858,-24.037275845987295,-2.006677647908493,0.5106823164700772,-0.7441130109110335,3.3050151851038216,0.26622671068859316
IE,Ireland,2015-S1,20151,2015,Ireland,51.2657972598874,24.6239856364006,-0.330959783371788,9.908,-27.101610640424305,-5.743382542287198,0.1350705354099864,-0.9601483068773218,3.7737077161437655,-0.698688149402692
IE,Ireland,2015-S2,20152,2015,Ireland,51.2657972598874,24.6239856364006,-0.330959783371788,9.908,-27.101610640424305,-5.743382542287198,0.1350705354099864,-0.9601483068773218,3.7737077161437655,-0.698688149402692
IE,Ireland,2016-S1,20161,2016,Ireland,47.386841437796,1.22271661130947,0.0201247735963237,8.374,-3.878955822091399,-0.004930443458965557,-0.16041073235728467,-0.8148137260372859,0.2217835321313928,-0.1895928424305358
IE,Ireland,2016-S2,20162,2016,Ireland,47.386841437796,1.22271661130947,0.0201247735963237,8.374,-3.878955822091399,-0.004930443458965557,-0.16041073235728467,-0.8148137260372859,0.2217835321313928,-0.1895928424305358
IE,Ireland,2017-S1,20171,2017,Ireland,42.6227340344542,10.1088576065965,0.362173038229378,6.713,-4.764107403341804,-2.1839872454731406,-0.4803549212500081,-0.6732197989309399,0.3571681956229291,-0.7450984425077898
IE,Ireland,2017-S2,20172,2017,Ireland,42.6227340344542,10.1088576065965,0.362173038229378,6.713,-4.764107403341804,-2.1839872454731406,-0.4803549212500081,-0.6732197989309399,0.3571681956229291,-0.7450984425077898
IE,Ireland,2018-S1,20181,2018,Ireland,39.7179106627463,7.68865937437435,0.471130713712916,5.741,-2.9048233717078986,-1.5905069683828477,-0.6675829475014995,-0.6281157982524282,0.07278917140839364,-0.7033541356820955
IE,Ireland,2018-S2,20182,2018,Ireland,39.7179106627463,7.68865937437435,0.471130713712916,5.741,-2.9048233717078986,-1.5905069683828477,-0.6675829475014995,-0.6281157982524282,0.07278917140839364,-0.7033541356820955
IE,Ireland,2019-S1,20191,2019,Ireland,36.0552722551197,4.97288003766816,0.937842961189274,4.95,-3.662638407626602,-0.924544382423675,-0.8199464956135669,-0.4349161045784954,0.18869760539858968,-0.49767734430428695
IE,Ireland,2019-S2,20192,2019,Ireland,36.0552722551197,4.97288003766816,0.937842961189274,4.95,-3.662638407626602,-0.924544382423675,-0.8199464956135669,-0.4349161045784954,0.18869760539858968,-0.49767734430428695
IE,Ireland,2020-S1,20201,2020,Ireland,32.3402464273232,7.15369505735335,-0.326183651280033,5.623,-3.715025827796495,-1.4593231806781803,-0.6903122757912895,-0.9581711844382539,0.19671030446745602,-0.7277740841100668
IE,Ireland,2020-S2,20202,2020,Ireland,32.3402464273232,7.15369505735335,-0.326183651280033,5.623,-3.715025827796495,-1.4593231806781803,-0.6903122757912895,-0.9581711844382539,0.19671030446745602,-0.7277740841100668
IE,Ireland,2021-S1,20211,2021,Ireland,26.4830620089049,16.2581881158197,2.34034113447044,6.357,-5.857184418418303,-3.691924209455928,-0.5489281489717477,0.14566051178702566,0.524355225495726,-0.892709155286231
IE,Ireland,2021-S2,20212,2021,Ireland,26.4830620089049,16.2581881158197,2.34034113447044,6.357,-5.857184418418303,-3.691924209455928,-0.5489281489717477,0.14566051178702566,0.524355225495726,-0.892709155286231
IE,Ireland,2022-S1,20221,2022,Ireland,25.4419666716094,7.51113888415304,7.82945736434105,4.465,-1.0410953372954985,-1.5469754475664665,-0.913367887313128,2.417929088165741,-0.21226956669183825,-0.063670953351423
IE,Ireland,2022-S2,20222,2022,Ireland,25.4419666716094,7.51113888415304,7.82945736434105,4.465,-1.0410953372954985,-1.5469754475664665,-0.913367887313128,2.417929088165741,-0.21226956669183825,-0.063670953351423
IE,Ireland,2023-S1,20231,2023,Ireland,25.2225553670442,-2.53637409313261,6.29942487419125,4.243,-0.21941130456519886,0.9168726399320365,-0.9561298439261229,1.7845585048855581,-0.33794681635614177,0.35183862113383246
IE,Ireland,2023-S2,20232,2023,Ireland,25.2225553670442,-2.53637409313261,6.29942487419125,4.243,-0.21941130456519886,0.9168726399320365,-0.9561298439261229,1.7845585048855581,-0.33794681635614177,0.35183862113383246
IE,Ireland,2024-S1,20241,2024,Ireland,23.7845375555383,2.59946721553708,2.11344999577317,4.3,-1.438017811505901,-0.3425368094180954,-0.9451504226335973,0.05173690311664687,-0.15155994729840988,-0.3468775690583639
IE,Ireland,2024-S2,20242,2024,Ireland,23.7845375555383,2.59946721553708,2.11344999577317,4.3,-1.438017811505901,-0.3425368094180954,-0.9451504226335973,0.05173690311664687,-0.15155994729840988,-0.3468775690583639
IE,Ireland,2025-S1,20251,2025,Ireland,,,,4.632,,,-0.8812001091402896,,,
IT,Italy,2009-S1,20091,2009,Italy,87.1861669932861,-5.30515401233991,0.774768131387381,7.749,,1.5958320126708714,-0.2807991237226985,-0.502422383520212,,0.27087016847598694
IT,Italy,2009-S2,20092,2009,Italy,87.1861669932861,-5.30515401233991,0.774768131387381,7.749,,1.5958320126708714,-0.2807991237226985,-0.502422383520212,,0.27087016847598694
IT,Italy,2010-S1,20101,2010,Italy,92.6676294931465,1.52910573247101,1.52551602118248,8.363,5.481462499860413,-0.08006309090224795,-0.16252956804531615,-0.19164360469223177,-1.20990016080996,-0.41103410611243896
IT,Italy,2010-S2,20102,2010,Italy,92.6676294931465,1.52910573247101,1.52551602118248,8.363,5.481462499860413,-0.08006309090224795,-0.16252956804531615,-0.19164360469223177,-1.20990016080996,-0.41103410611243896
IT,Italy,2011-S1,20111,2011,Italy,93.5718818734975,0.695463154440176,2.78063272879323,8.359,0.9042523803509965,0.12436248945599454,-0.1633000537500547,0.32792314065596173,-0.5098121025765399,-0.05520663155365957
IT,Italy,2011-S2,20112,2011,Italy,93.5718818734975,0.695463154440176,2.78063272879323,8.359,0.9042523803509965,0.12436248945599454,-0.1633000537500547,0.32792314065596173,-0.5098121025765399,-0.05520663155365957
IT,Italy,2012-S1,20121,2012,Italy,93.2686875516145,-3.12523877282996,3.04136333226775,10.655,-0.303194321882998,1.0612738582382695,0.27895874076992877,0.435854897311327,-0.3251321348415335,0.36273884036949794
IT,Italy,2012-S2,20122,2012,Italy,93.2686875516145,-3.12523877282996,3.04136333226775,10.655,-0.303194321882998,1.0612738582382695,0.27895874076992877,0.435854897311327,-0.3251321348415335,0.36273884036949794
IT,Italy,2013-S1,20131,2013,Italy,90.3656642019387,-1.81802510749792,1.21999342274306,12.149,-2.9030233496758058,0.7407193193626848,0.5667351514898136,-0.3181174068007784,0.07251385655582569,0.2654627301518864
IT,Italy,2013-S2,20132,2013,Italy,90.3656642019387,-1.81802510749792,1.21999342274306,12.149,-2.9030233496758058,0.7407193193626848,0.5667351514898136,-0.3181174068007784,0.07251385655582569,0.2654627301518864
IT,Italy,2014-S1,20141,2014,Italy,88.187471051349,-0.0013876173045446,0.241047429826756,12.683,-2.1781931505897063,0.29524402453005205,0.6695949930724231,-0.7233608238686682,-0.03834951946972552,0.05078216856602036
IT,Italy,2014-S2,20142,2014,Italy,88.187471051349,-0.0013876173045446,0.241047429826756,12.683,-2.1781931505897063,0.29524402453005205,0.6695949930724231,-0.7233608238686682,-0.03834951946972552,0.05078216856602036
IT,Italy,2015-S1,20151,2015,Italy,86.9158529570859,0.885667635240807,0.0387903996579733,11.896,-1.27161809426309,0.07772060431350002,0.5180019306650945,-0.8070869238013417,-0.17701092112165126,-0.09709382748609963
IT,Italy,2015-S2,20152,2015,Italy,86.9158529570859,0.885667635240807,0.0387903996579733,11.896,-1.27161809426309,0.07772060431350002,0.5180019306650945,-0.8070869238013417,-0.17701092112165126,-0.09709382748609963
IT,Italy,2016-S1,20161,2016,Italy,84.4917347012215,1.23622108511661,-0.09401665691575,11.688,-2.4241182558644,-0.008242006433565872,0.4779366740186847,-0.8620635883018373,-0.0007350720383581695,-0.09827599818876914
IT,Italy,2016-S2,20162,2016,Italy,84.4917347012215,1.23622108511661,-0.09401665691575,11.688,-2.4241182558644,-0.008242006433565872,0.4779366740186847,-0.8620635883018373,-0.0007350720383581695,-0.09827599818876914
IT,Italy,2017-S1,20171,2017,Italy,80.4167170633531,1.60369995294101,1.22653316645812,11.211,-4.075017637868399,-0.09835506304091964,0.386056253728601,-0.31541022161485793,0.251771348359447,0.0560155793580676
IT,Italy,2017-S2,20172,2017,Italy,80.4167170633531,1.60369995294101,1.22653316645812,11.211,-4.075017637868399,-0.09835506304091964,0.386056253728601,-0.31541022161485793,0.251771348359447,0.0560155793580676
IT,Italy,2018-S1,20181,2018,Italy,76.4482228153834,0.826646712344115,1.13748763600391,10.538,-3.9684942479697014,0.09219369714056659,0.2564220339063235,-0.35227141242313587,0.23547850812631965,0.05795570668751847
IT,Italy,2018-S2,20182,2018,Italy,76.4482228153834,0.826646712344115,1.13748763600391,10.538,-3.9684942479697014,0.09219369714056659,0.2564220339063235,-0.35227141242313587,0.23547850812631965,0.05795570668751847
IT,Italy,2019-S1,20191,2019,Italy,73.4404069738438,0.429162533780342,0.611246943765304,9.884,-3.007815841539596,0.1896646469546405,0.13044762118155467,-0.5701134362590482,0.08854195450869519,-0.040364803403539457
IT,Italy,2019-S2,20192,2019,Italy,73.4404069738438,0.429162533780342,0.611246943765304,9.884,-3.007815841539596,0.1896646469546405,0.13044762118155467,-0.5701134362590482,0.08854195450869519,-0.040364803403539457
IT,Italy,2020-S1,20201,2020,Italy,82.6528242104143,-8.86822122185345,-0.13770757391651,9.192,9.212417236570488,2.469566274038323,-0.0028464057382313534,-0.8801498327201556,-1.780552761145487,-0.04849568139138771
IT,Italy,2020-S2,20202,2020,Italy,82.6528242104143,-8.86822122185345,-0.13770757391651,9.192,9.212417236570488,2.469566274038323,-0.0028464057382313534,-0.8801498327201556,-1.780552761145487,-0.04849568139138771
IT,Italy,2021-S1,20211,2021,Italy,76.0051221503914,8.93106210800055,1.87378325762481,9.497,-6.647702060022894,-1.8951685902257869,0.05590312924809046,-0.047475278788734504,0.6452655499641902,-0.3103687974505602
IT,Italy,2021-S2,20212,2021,Italy,76.0051221503914,8.93106210800055,1.87378325762481,9.497,-6.647702060022894,-1.8951685902257869,0.05590312924809046,-0.047475278788734504,0.6452655499641902,-0.3103687974505602
IT,Italy,2022-S1,20221,2022,Italy,69.5868608578087,4.82117669913565,8.20128991161718,8.069,-6.418261292582699,-0.8873437357208092,-0.2191602673436065,2.571852484477267,0.610172395583502,0.5188802192490883
IT,Italy,2022-S2,20222,2022,Italy,69.5868608578087,4.82117669913565,8.20128991161718,8.069,-6.418261292582699,-0.8873437357208092,-0.2191602673436065,2.571852484477267,0.610172395583502,0.5188802192490883
IT,Italy,2023-S1,20231,2023,Italy,63.1270384971691,0.975694840127005,5.62219442195901,7.627,-6.459822360639599,0.05564416041308936,-0.3042989377172272,1.5042129244440343,0.6165291951785314,0.46802183557960697
IT,Italy,2023-S2,20232,2023,Italy,63.1270384971691,0.975694840127005,5.62219442195901,7.627,-6.459822360639599,0.05564416041308936,-0.3042989377172272,1.5042129244440343,0.6165291951785314,0.46802183557960697
IT,Italy,2024-S1,20241,2024,Italy,60.3701258499539,0.692676948440536,0.982373023061417,6.5,-2.756912647215202,0.12504572204689632,-0.5213832850273411,-0.4164824886631232,0.050166104256499644,-0.1906634868467671
IT,Italy,2024-S2,20242,2024,Italy,60.3701258499539,0.692676948440536,0.982373023061417,6.5,-2.756912647215202,0.12504572204689632,-0.5213832850273411,-0.4164824886631232,0.050166104256499644,-0.1906634868467671
IT,Italy,2025-S1,20251,2025,Italy,,,,6.391,,,-0.5423790204814692,,,
NL,Netherlands,2009-S1,20091,2009,Netherlands,116.241095699118,-3.66529049145096,1.18977687021548,4.352,,1.1937051770216065,-0.9351341084719947,-0.3306258179765671,,-0.02401824980898511
NL,Netherlands,2009-S2,20092,2009,Netherlands,116.241095699118,-3.66529049145096,1.18977687021548,4.352,,1.1937051770216065,-0.9351341084719947,-0.3306258179765671,,-0.02401824980898511
NL,Netherlands,2010-S1,20101,2010,Netherlands,112.995200786287,1.31932032302214,1.27530569556679,4.991,-3.2458949128310053,-0.028619576370423522,-0.8120490171399959,-0.29522039858267934,0.12495634457918706,-0.25273316187847794
NL,Netherlands,2010-S2,20102,2010,Netherlands,112.995200786287,1.31932032302214,1.27530569556679,4.991,-3.2458949128310053,-0.028619576370423522,-0.8120490171399959,-0.29522039858267934,0.12495634457918706,-0.25273316187847794
NL,Netherlands,2011-S1,20111,2011,Netherlands,113.516935353618,1.77334516269423,2.34107017751373,4.977,0.521734567330995,-0.1399554099674355,-0.8147457171065811,0.14596230565123292,-0.45130568797795256,-0.31501112735018405
NL,Netherlands,2011-S2,20112,2011,Netherlands,113.516935353618,1.77334516269423,2.34107017751373,4.977,0.521734567330995,-0.1399554099674355,-0.8147457171065811,0.14596230565123292,-0.45130568797795256,-0.31501112735018405
NL,Netherlands,2012-S1,20121,2012,Netherlands,116.013958604261,-0.977876877747732,2.45554765291614,5.821,2.497023250643011,0.5346984250612905,-0.6521732334067266,0.19335127669260488,-0.7534277192249197,-0.16938781271943773
NL,Netherlands,2012-S2,20122,2012,Netherlands,116.013958604261,-0.977876877747732,2.45554765291614,5.821,2.497023250643011,0.5346984250612905,-0.6521732334067266,0.19335127669260488,-0.7534277192249197,-0.16938781271943773
NL,Netherlands,2013-S1,20131,2013,Netherlands,112.969994005111,-0.0302325600539604,2.50689852657875,7.241,-3.0439645991500015,0.302317372649912,-0.37865080822450675,0.21460842842828468,0.09407093676256902,0.058086482404064735
NL,Netherlands,2013-S2,20132,2013,Netherlands,112.969994005111,-0.0302325600539604,2.50689852657875,7.241,-3.0439645991500015,0.302317372649912,-0.37865080822450675,0.21460842842828468,0.09407093676256902,0.058086482404064735
NL,Netherlands,2014-S1,20141,2014,Netherlands,115.205849457802,1.61261001294011,0.976035079699679,7.419,2.2358554526909984,-0.10053998525380041,-0.34436419436363697,-0.4191061367945612,-0.7134818893924629,-0.39437305145111534
NL,Netherlands,2014-S2,20142,2014,Netherlands,115.205849457802,1.61261001294011,0.976035079699679,7.419,2.2358554526909984,-0.10053998525380041,-0.34436419436363697,-0.4191061367945612,-0.7134818893924629,-0.39437305145111534
NL,Netherlands,2015-S1,20151,2015,Netherlands,110.135230807738,2.12060523860846,0.600248147278776,6.872,-5.070618650064006,-0.22511042054966626,-0.4497281144866469,-0.5746664860739382,0.4040493432962307,-0.2113639194535052
NL,Netherlands,2015-S2,20152,2015,Netherlands,110.135230807738,2.12060523860846,0.600248147278776,6.872,-5.070618650064006,-0.22511042054966626,-0.4497281144866469,-0.5746664860739382,0.4040493432962307,-0.2113639194535052
NL,Netherlands,2016-S1,20161,2016,Netherlands,112.688166070747,2.42428572955482,0.316666666666652,6.007,2.5529352630090045,-0.2995788585124037,-0.6163456481363795,-0.6920575669425372,-0.7619795075735453,-0.5924903952912164
NL,Netherlands,2016-S2,20162,2016,Netherlands,112.688166070747,2.42428572955482,0.316666666666652,6.007,2.5529352630090045,-0.2995788585124037,-0.6163456481363795,-0.6920575669425372,-0.7619795075735453,-0.5924903952912164
NL,Netherlands,2017-S1,20171,2017,Netherlands,109.26176749092,2.78154619309936,1.38145871407216,4.837,-3.4263985798270085,-0.3871861611188285,-0.8417127167724339,-0.25127741065232795,0.15256452913523882,-0.33190293985208785
NL,Netherlands,2017-S2,20172,2017,Netherlands,109.26176749092,2.78154619309936,1.38145871407216,4.837,-3.4263985798270085,-0.3871861611188285,-0.8417127167724339,-0.25127741065232795,0.15256452913523882,-0.33190293985208785
NL,Netherlands,2018-S1,20181,2018,Netherlands,103.705449062777,2.2587403735731,1.70349794744479,3.832,-5.556318428142987,-0.2589838764853181,-1.0352972500880189,-0.11796640033492241,0.4783375244462281,-0.2334775006155078
NL,Netherlands,2018-S2,20182,2018,Netherlands,103.705449062777,2.2587403735731,1.70349794744479,3.832,-5.556318428142987,-0.2589838764853181,-1.0352972500880189,-0.11796640033492241,0.4783375244462281,-0.2334775006155078
NL,Netherlands,2019-S1,20191,2019,Netherlands,98.6368462471995,2.30009157916757,2.63369910249591,3.379,-5.068602815577506,-0.26912400659015295,-1.122554756149671,0.267098656737784,0.40374101975098675,-0.1802097715627633
NL,Netherlands,2019-S2,20192,2019,Netherlands,98.6368462471995,2.30009157916757,2.63369910249591,3.379,-5.068602815577506,-0.26912400659015295,-1.122554756149671,0.267098656737784,0.40374101975098675,-0.1802097715627633
NL,Netherlands,2020-S1,20201,2020,Netherlands,100.352006153371,-3.86795333823223,1.27246037789161,3.82,1.7151599061714933,1.2434020988944985,-1.0376087072022349,-0.29639824318869146,-0.6338410766318942,-0.1811114820320805
NL,Netherlands,2020-S2,20202,2020,Netherlands,100.352006153371,-3.86795333823223,1.27246037789161,3.82,1.7151599061714933,1.2434020988944985,-1.0376087072022349,-0.29639824318869146,-0.6338410766318942,-0.1811114820320805
NL,Netherlands,2021-S1,20211,2021,Netherlands,93.8807694464696,6.2768306708326,2.67572008805385,4.209,-6.471236706901394,-1.2442987615399477,-0.9626789724164015,0.2844936181547372,0.6182750288417849,-0.32605227173995677
NL,Netherlands,2021-S2,20212,2021,Netherlands,93.8807694464696,6.2768306708326,2.67572008805385,4.209,-6.471236706901394,-1.2442987615399477,-0.9626789724164015,0.2844936181547372,0.6182750288417849,-0.32605227173995677
NL,Netherlands,2022-S1,20221,2022,Netherlands,88.8195045380451,5.00723455159611,10.0012078753473,3.526,-5.061264908424505,-0.9329687859183182,-1.0942394065005254,3.31694456447134,0.40261868080737007,0.4230887632149666
NL,Netherlands,2022-S2,20222,2022,Netherlands,88.8195045380451,5.00723455159611,10.0012078753473,3.526,-5.061264908424505,-0.9329687859183182,-1.0942394065005254,3.31694456447134,0.40261868080737007,0.4230887632149666
NL,Netherlands,2023-S1,20231,2023,Netherlands,85.4757445009347,-0.598096167209832,3.83839354342808,3.535,-3.3437600371103997,0.4415687143116744,-1.0925058136648635,0.7657926554860707,0.13992489595363802,0.06369511302162989
NL,Netherlands,2023-S2,20232,2023,Netherlands,85.4757445009347,-0.598096167209832,3.83839354342808,3.535,-3.3437600371103997,0.4415687143116744,-1.0925058136648635,0.7657926554860707,0.13992489595363802,0.06369511302162989
NL,Netherlands,2024-S1,20241,2024,Netherlands,82.3320940898509,1.08100584845663,3.34754304219953,3.7,-3.1436504110837973,0.02981982686387489,-1.0607232783443943,0.5626007165775978,0.10931796381354322,-0.08974619277234458
NL,Netherlands,2024-S2,20242,2024,Netherlands,82.3320940898509,1.08100584845663,3.34754304219953,3.7,-3.1436504110837973,0.02981982686387489,-1.0607232783443943,0.5626007165775978,0.10931796381354322,-0.08974619277234458
NL,Netherlands,2025-S1,20251,2025,Netherlands,,,,3.874,,,-1.0272071501882631,,,
PT,Portugal,2009-S1,20091,2009,Portugal,159.861301937173,-3.12207827545093,-0.835530021504157,9.432,,1.0604988420287387,0.043382736546087534,-1.169019653132479,,-0.02171269151921762
PT,Portugal,2009-S2,20092,2009,Portugal,159.861301937173,-3.12207827545093,-0.835530021504157,9.432,,1.0604988420287387,0.043382736546087534,-1.169019653132479,,-0.02171269151921762
PT,Portugal,2010-S1,20101,2010,Portugal,155.388888349273,1.73762453640036,1.40257289895369,10.771,-4.472413587900007,-0.13119600881240692,0.3013028262073498,-0.24253700567400552,0.3125533862697522,0.0600307994976724
PT,Portugal,2010-S2,20102,2010,Portugal,155.388888349273,1.73762453640036,1.40257289895369,10.771,-4.472413587900007,-0.13119600881240692,0.3013028262073498,-0.24253700567400552,0.3125533862697522,0.0600307994976724
PT,Portugal,2011-S1,20111,2011,Portugal,156.062341019849,-1.71352745905065,3.65301100430724,12.715,0.6734526705759833,0.7150944376773415,0.6757588787103324,0.6890519014897736,-0.47451109684631926,0.401348530257782
PT,Portugal,2011-S2,20112,2011,Portugal,156.062341019849,-1.71352745905065,3.65301100430724,12.715,0.6734526705759833,0.7150944376773415,0.6757588787103324,0.6890519014897736,-0.47451109684631926,0.401348530257782
PT,Portugal,2012-S1,20121,2012,Portugal,152.728675156307,-4.05090267621935,2.77333854051586,15.509,-3.333665863541995,1.2882648801148573,1.2139431434702777,0.32490364642068503,0.13838098379132444,0.7413731634492862
PT,Portugal,2012-S2,20122,2012,Portugal,152.728675156307,-4.05090267621935,2.77333854051586,15.509,-3.333665863541995,1.2882648801148573,1.2139431434702777,0.32490364642068503,0.13838098379132444,0.7413731634492862
PT,Portugal,2013-S1,20131,2013,Portugal,142.933688214656,-0.984106574148328,0.274416666666663,16.237,-9.79498694165099,0.5362260693248018,1.3541715417327111,-0.7095473309285037,1.1266453651697395,0.5768739113246872
PT,Portugal,2013-S2,20132,2013,Portugal,142.933688214656,-0.984106574148328,0.274416666666663,16.237,-9.79498694165099,0.5362260693248018,1.3541715417327111,-0.7095473309285037,1.1266453651697395,0.5768739113246872
PT,Portugal,2014-S1,20141,2014,Portugal,129.651173714521,0.741391420706506,-0.278153367467428,13.88,-13.282514500134994,0.11309997392023562,0.9001628402154636,-0.9382886204604629,1.660065578073641,0.4337599429372193
PT,Portugal,2014-S2,20142,2014,Portugal,129.651173714521,0.741391420706506,-0.278153367467428,13.88,-13.282514500134994,0.11309997392023562,0.9001628402154636,-0.9382886204604629,1.660065578073641,0.4337599429372193
PT,Portugal,2015-S1,20151,2015,Portugal,120.048513231382,1.58979803702681,0.48793862390472,12.405,-9.602660483139005,-0.09494603943326664,0.616046236593087,-0.6211580140547465,1.0972288749123513,0.2492927645043563
PT,Portugal,2015-S2,20152,2015,Portugal,120.048513231382,1.58979803702681,0.48793862390472,12.405,-9.602660483139005,-0.09494603943326664,0.616046236593087,-0.6211580140547465,1.0972288749123513,0.2492927645043563
PT,Portugal,2016-S1,20161,2016,Portugal,111.328568595891,2.00414129666575,0.607397074641719,11.058,-8.719944635491004,-0.1965511679996285,0.3565851755223476,-0.5717071238885957,0.9622167588817264,0.13763591062896247
PT,Portugal,2016-S2,20162,2016,Portugal,111.328568595891,2.00414129666575,0.607397074641719,11.058,-8.719944635491004,-0.1965511679996285,0.3565851755223476,-0.5717071238885957,0.9622167588817264,0.13763591062896247
PT,Portugal,2017-S1,20171,2017,Portugal,102.855290609028,3.31472008175986,1.36861411643472,8.878,-8.473277986862996,-0.5179309005235045,-0.06332953356021519,-0.2565945463014069,0.9244888917836269,0.021658477849625074
PT,Portugal,2017-S2,20172,2017,Portugal,102.855290609028,3.31472008175986,1.36861411643472,8.878,-8.473277986862996,-0.5179309005235045,-0.06332953356021519,-0.2565945463014069,0.9244888917836269,0.021658477849625074
PT,Portugal,2018-S1,20181,2018,Portugal,97.0963051936704,2.94628343449202,0.993715683468326,6.966,-5.7589854153576,-0.42758297753127517,-0.43162170042528863,-0.4117870933142509,0.5093356070866429,-0.19041404104604295
PT,Portugal,2018-S2,20182,2018,Portugal,97.0963051936704,2.94628343449202,0.993715683468326,6.966,-5.7589854153576,-0.42758297753127517,-0.43162170042528863,-0.4117870933142509,0.5093356070866429,-0.19041404104604295
PT,Portugal,2019-S1,20191,2019,Portugal,93.35554945374,2.74568432648596,0.338178410046034,6.422,-3.7407557399304068,-0.37839212505544606,-0.5364077562697448,-0.6831525890814206,0.20064571572322712,-0.3493266886708461
PT,Portugal,2019-S2,20192,2019,Portugal,93.35554945374,2.74568432648596,0.338178410046034,6.422,-3.7407557399304068,-0.37839212505544606,-0.5364077562697448,-0.6831525890814206,0.20064571572322712,-0.3493266886708461
PT,Portugal,2020-S1,20201,2020,Portugal,104.074185342131,-8.20463159324387,-0.0124383299575305,6.85,10.718635888391006,2.3068410264044306,-0.4539657858627095,-0.8282935129203072,-2.0109301446816845,-0.2465871042650677
PT,Portugal,2020-S2,20202,2020,Portugal,104.074185342131,-8.20463159324387,-0.0124383299575305,6.85,10.718635888391006,2.3068410264044306,-0.4539657858627095,-0.8282935129203072,-2.0109301446816845,-0.2465871042650677
PT,Portugal,2021-S1,20211,2021,Portugal,98.848509456936,5.55875672070374,1.26565719069044,6.712,-5.2256758851950025,-1.0682128850939892,-0.4805475426761928,-0.2992144831532085,0.4277654751371559,-0.3550523589465586
PT,Portugal,2021-S2,20212,2021,Portugal,98.848509456936,5.55875672070374,1.26565719069044,6.712,-5.2256758851950025,-1.0682128850939892,-0.4805475426761928,-0.2992144831532085,0.4277654751371559,-0.3550523589465586
PT,Portugal,2022-S1,20221,2022,Portugal,89.4563111808935,6.98584137580278,7.83269124233323,6.138,-9.392198276042507,-1.4181621517546146,-0.5911122413061887,2.4192677807774015,1.0650385069697281,0.36875797367158164
PT,Portugal,2022-S2,20222,2022,Portugal,89.4563111808935,6.98584137580278,7.83269124233323,6.138,-9.392198276042507,-1.4181621517546146,-0.5911122413061887,2.4192677807774015,1.0650385069697281,0.36875797367158164
PT,Portugal,2023-S1,20231,2023,Portugal,80.2271063662543,3.09997909018263,4.31128191898672,6.498,-9.22920481463919,-0.46527217964389983,-0.5217685278797104,0.961549012414589,1.0401085227830238,0.2536542069185006
PT,Portugal,2023-S2,20232,2023,Portugal,80.2271063662543,3.09997909018263,4.31128191898672,6.498,-9.22920481463919,-0.46527217964389983,-0.5217685278797104,0.961549012414589,1.0401085227830238,0.2536542069185006
PT,Portugal,2024-S1,20241,2024,Portugal,77.2131206543744,2.13967177177636,2.41613187791884,6.5,-3.013985711879897,-0.2297859100351895,-0.5213832850273411,0.17703476540202684,0.08948564125964475,-0.12116219710021475
PT,Portugal,2024-S2,20242,2024,Portugal,77.2131206543744,2.13967177177636,2.41613187791884,6.5,-3.013985711879897,-0.2297859100351895,-0.5213832850273411,0.17703476540202684,0.08948564125964475,-0.12116219710021475
PT,Portugal,2025-S1,20251,2025,Portugal,,,,6.164,,,-0.5861040842253875,,,
SK,Slovakia,2014-S1,20141,2014,Slovak Republic,49.5007725734467,2.70795151449488,-0.0761653295419871,11.536,1.8157158583675042,-0.3691392963335191,0.44865821723861593,-0.8546738722638865,-0.649221192352748,-0.3560940359278844
SK,Slovakia,2014-S2,20142,2014,Slovak Republic,49.5007725734467,2.70795151449488,-0.0761653295419871,11.536,1.8157158583675042,-0.3691392963335191,0.44865821723861593,-0.8546738722638865,-0.649221192352748,-0.3560940359278844
SK,Slovakia,2015-S1,20151,2015,Slovak Republic,52.3332827421394,5.17687909722133,-0.325219777427673,11.492,2.8325101686927,-0.9745689699875674,0.44018287448649107,-0.9577721802680759,-0.804740719696328,-0.5742247488663701
SK,Slovakia,2015-S2,20152,2015,Slovak Republic,52.3332827421394,5.17687909722133,-0.325219777427673,11.492,2.8325101686927,-0.9745689699875674,0.44018287448649107,-0.9577721802680759,-0.804740719696328,-0.5742247488663701
SK,Slovakia,2016-S1,20161,2016,Slovak Republic,56.6716350835336,1.94781841524558,-0.520010196278266,9.679,4.338352341394199,-0.182739688085822,0.09096022881369899,-1.0384074099112792,-1.035060520441149,-0.5413118474061378
SK,Slovakia,2016-S2,20162,2016,Slovak Republic,56.6716350835336,1.94781841524558,-0.520010196278266,9.679,4.338352341394199,-0.182739688085822,0.09096022881369899,-1.0384074099112792,-1.035060520441149,-0.5413118474061378
SK,Slovakia,2017-S1,20171,2017,Slovak Republic,59.8779995896911,2.87473327453695,1.31194588223228,8.142,3.206364506157499,-0.41003746898960464,-0.20509890323212646,-0.2800528668150735,-0.8619220485722514,-0.439277821902264
SK,Slovakia,2017-S2,20172,2017,Slovak Republic,59.8779995896911,2.87473327453695,1.31194588223228,8.142,3.206364506157499,-0.41003746898960464,-0.20509890323212646,-0.2800528668150735,-0.8619220485722514,-0.439277821902264
SK,Slovakia,2018-S1,20181,2018,Slovak Republic,61.4419464182066,4.06211981896483,2.51403712883812,6.544,1.5639468285154976,-0.7012080375894003,-0.5129079422752161,0.21756351644499705,-0.6107129118433763,-0.40181634381574893
SK,Slovakia,2018-S2,20182,2018,Slovak Republic,61.4419464182066,4.06211981896483,2.51403712883812,6.544,1.5639468285154976,-0.7012080375894003,-0.5129079422752161,0.21756351644499705,-0.6107129118433763,-0.40181634381574893
SK,Slovakia,2019-S1,20191,2019,Slovak Republic,62.4645072522501,2.27589910019393,2.66456133425431,5.761,1.022560834043503,-0.26319153422750924,-0.6637305189778062,0.2798743525847605,-0.527907478024819,-0.2937387946613435
SK,Slovakia,2019-S2,20192,2019,Slovak Republic,62.4645072522501,2.27589910019393,2.66456133425431,5.761,1.022560834043503,-0.26319153422750924,-0.6637305189778062,0.2798743525847605,-0.527907478024819,-0.2937387946613435
SK,Slovakia,2020-S1,20201,2020,Slovak Republic,65.647590409826,-2.58551241733207,1.93694126694223,6.719,3.1830831575758936,0.9289223249013838,-0.4791991926929001,-0.02133045803641634,-0.8583611471287979,-0.10749211823918262
SK,Slovakia,2020-S2,20202,2020,Slovak Republic,65.647590409826,-2.58551241733207,1.93694126694223,6.719,3.1830831575758936,0.9289223249013838,-0.4791991926929001,-0.02133045803641634,-0.8583611471287979,-0.10749211823918262
SK,Slovakia,2021-S1,20211,2021,Slovak Republic,65.1124824665326,5.6558588065555,3.14960629921268,6.894,-0.5351079432933972,-1.0920242291608078,-0.44549044311058433,0.48066303802157795,-0.2896607554091013,-0.3366280974147289
SK,Slovakia,2021-S2,20212,2021,Slovak Republic,65.1124824665326,5.6558588065555,3.14960629921268,6.894,-0.5351079432933972,-1.0920242291608078,-0.44549044311058433,0.48066303802157795,-0.2896607554091013,-0.3366280974147289
SK,Slovakia,2022-S1,20221,2022,Slovak Republic,66.7389252233433,0.544591632137454,12.7741463637611,6.143,1.6264427568107038,0.16135915843506476,-0.5901491341752655,4.464827161157091,-0.6202717155568435,0.8539413674650117
SK,Slovakia,2022-S2,20222,2022,Slovak Republic,66.7389252233433,0.544591632137454,12.7741463637611,6.143,1.6264427568107038,0.16135915843506476,-0.5901491341752655,4.464827161157091,-0.6202717155568435,0.8539413674650117
SK,Slovakia,2023-S1,20231,2023,Slovak Republic,61.4622634277722,2.11263633214959,10.5319476645211,5.843,-5.276661795571101,-0.2231562877227141,-0.6479355620306639,3.5366490295746265,0.43556381212857453,0.7752802479874557
SK,Slovakia,2023-S2,20232,2023,Slovak Republic,61.4622634277722,2.11263633214959,10.5319476645211,5.843,-5.276661795571101,-0.2231562877227141,-0.6479355620306639,3.5366490295746265,0.43556381212857453,0.7752802479874557
SK,Slovakia,2024-S1,20241,2024,Slovak Republic,59.6509018833935,1.93867445549446,2.75760909424272,5.3,-1.8113615443786983,-0.1804974090466317,-0.7525289964489353,0.31839230197222984,-0.09445671581544111,-0.17727270483469457
SK,Slovakia,2024-S2,20242,2024,Slovak Republic,59.6509018833935,1.93867445549446,2.75760909424272,5.3,-1.8113615443786983,-0.1804974090466317,-0.7525289964489353,0.31839230197222984,-0.09445671581544111,-0.17727270483469457
SK,Slovakia,2025-S1,20251,2025,Slovak Republic,,,,5.359,,,-0.7411643323040403,,,
